LINE,FUND_NAME,SHARE_CLASS,ISIN,KIID_PDF_URL,FACT_SHEET_URL,IDENTIFIER,KIID_SRRI,MANAGEMENT_FEE,SHARE_CLASS_INCEPTION_DATE
"UCITS KIID,Vest U.S. Equity Moderate Buffer UCITS ETF - August,First Trust Vest U.S. Equity Moderate Buffer UCITS ETF, August A Acc USD,IE000TGSG3Y5,UK Retail Investor, UK Professional Investor,https://www.ftglobalportfolios.com/srp/documents-id/e91288b1-45d4-4b42-8862-9204502530fc/KIID.pdf,English,,,,,,,,,,,,,,,,,,,,,,,,,,,",Vest U.S. Equity Moderate Buffer UCITS ETF - August,First Trust Vest U.S. Equity Moderate Buffer UCITS ETF - August A Acc USD,IE000TGSG3Y5,https://www.ftglobalportfolios.com/srp/documents-id/e91288b1-45d4-4b42-8862-9204502530fc/KIID.pdf,https://www.ftglobalportfolios.com/srp/documents-id/468655da-b98b-43ba-b9a7-56aa46721ffd/FactSheet.pdf,firsttrustvestusequitymoderatebufferaugustaaccusd,4,0.85,2023-08-31
"UCITS KIID,Vest Nasdaq-100® Moderate Buffer UCITS ETF - December,First Trust Vest Nasdaq-100® Moderate Buffer UCITS ETF, December A Acc USD,IE000GAKWFA7,UK Retail Investor, UK Professional Investor,https://www.ftglobalportfolios.com/srp/documents-id/8262d4aa-dc8e-4de1-9d07-966d095cce34/KIID.pdf,English,,,,,,,,,,,,,,,,,,,,,,,,,,,",Vest Nasdaq-100® Moderate Buffer UCITS ETF - December,First Trust Vest Nasdaq-100® Moderate Buffer UCITS ETF - December A Acc USD,IE000GAKWFA7,https://www.ftglobalportfolios.com/srp/documents-id/8262d4aa-dc8e-4de1-9d07-966d095cce34/KIID.pdf,https://www.ftglobalportfolios.com/srp/documents-id/e5776e7a-2317-400a-9eda-3cd7932810f8/FactSheet.pdf,firsttrustvestnasdaqmoderatebufferdecemberaaccusd,7,0.65,2024-12-20
"UCITS KIID,Vest U.S. Equity Moderate Buffer UCITS ETF - February,First Trust Vest U.S. Equity Moderate Buffer UCITS ETF, February A Acc USD,IE000X8M8M80,UK Retail Investor, UK Professional Investor,https://www.ftglobalportfolios.com/srp/documents-id/12b3eaca-6c0d-4fd4-aae1-e4d13da2b4e1/KIID.pdf,English,,,,,,,,,,,,,,,,,,,,,,,,,,,",Vest U.S. Equity Moderate Buffer UCITS ETF - February,First Trust Vest U.S. Equity Moderate Buffer UCITS ETF - February A Acc USD,IE000X8M8M80,https://www.ftglobalportfolios.com/srp/documents-id/12b3eaca-6c0d-4fd4-aae1-e4d13da2b4e1/KIID.pdf,https://www.ftglobalportfolios.com/srp/documents-id/d5d541e3-8c14-4930-9047-7a853c7538e9/FactSheet.pdf,firsttrustvestusequitymoderatebufferfebruaryaaccusd,5,0.85,2024-02-16
"UCITS KIID,Vest U.S. Equity Buffer UCITS ETF - January,First Trust Vest U.S. Equity Buffer UCITS ETF, January A Acc USD,IE000MDKBOB3,UK Retail Investor, UK Professional Investor,https://www.ftglobalportfolios.com/srp/documents-id/bcb69acf-f470-4c5a-8d0b-310cb93fb476/KIID.pdf,English,,,,,,,,,,,,,,,,,,,,,,,,,,,",Vest U.S. Equity Buffer UCITS ETF - January,First Trust Vest U.S. Equity Buffer UCITS ETF - January A Acc USD,IE000MDKBOB3,https://www.ftglobalportfolios.com/srp/documents-id/bcb69acf-f470-4c5a-8d0b-310cb93fb476/KIID.pdf,https://www.ftglobalportfolios.com/srp/documents-id/9b3faed3-7dbf-4210-9e55-4f8faeed6b29/FactSheet.pdf,firsttrustvestusequitybufferjanuaryaaccusd,5,0.85,2025-01-21
"UCITS KIID,Vest Nasdaq-100® Moderate Buffer UCITS ETF - March,First Trust Vest Nasdaq-100® Moderate Buffer UCITS ETF, March A Acc USD,IE0006S0EBF2,UK Retail Investor, UK Professional Investor,https://www.ftglobalportfolios.com/srp/documents-id/4261c140-c473-4529-94c5-15f11290376c/KIID.pdf,English,,,,,,,,,,,,,,,,,,,,,,,,,,,",Vest Nasdaq-100® Moderate Buffer UCITS ETF - March,First Trust Vest Nasdaq-100® Moderate Buffer UCITS ETF - March A Acc USD,IE0006S0EBF2,https://www.ftglobalportfolios.com/srp/documents-id/4261c140-c473-4529-94c5-15f11290376c/KIID.pdf,https://www.ftglobalportfolios.com/srp/documents-id/3f3c7fcf-e790-4ae9-800c-68e52a3ef462/FactSheet.pdf,firsttrustvestnasdaqmoderatebuffermarchaaccusd,5,0.9,2025-03-21
"UCITS KIID,Vest U.S. Equity Moderate Buffer UCITS ETF - May,First Trust Vest U.S. Equity Moderate Buffer UCITS ETF, May A Acc USD,IE000P0FL8E3,UK Retail Investor, UK Professional Investor,https://www.ftglobalportfolios.com/srp/documents-id/b6d809b9-9070-41a8-ac9e-896855200a7e/KIID.pdf,English,,,,,,,,,,,,,,,,,,,,,,,,,,,",Vest U.S. Equity Moderate Buffer UCITS ETF - May,First Trust Vest U.S. Equity Moderate Buffer UCITS ETF - May A Acc USD,IE000P0FL8E3,https://www.ftglobalportfolios.com/srp/documents-id/b6d809b9-9070-41a8-ac9e-896855200a7e/KIID.pdf,https://www.ftglobalportfolios.com/srp/documents-id/a0d83df6-e439-4025-9e3b-49b98b6bd850/FactSheet.pdf,firsttrustvestusequitymoderatebuffermayaaccusd,4,0.85,2024-05-17
"UCITS KIID,Vest U.S. Equity Moderate Buffer UCITS ETF - November,First Trust Vest U.S. Equity Moderate Buffer UCITS ETF, November A Acc USD,IE000OJ31JQ4,UK Retail Investor, UK Professional Investor,https://www.ftglobalportfolios.com/srp/documents-id/ef9fa1c6-63a9-47c9-807b-1cb7a81823aa/KIID.pdf,English,,,,,,,,,,,,,,,,,,,,,,,,,,,",Vest U.S. Equity Moderate Buffer UCITS ETF - November,First Trust Vest U.S. Equity Moderate Buffer UCITS ETF - November A Acc USD,IE000OJ31JQ4,https://www.ftglobalportfolios.com/srp/documents-id/ef9fa1c6-63a9-47c9-807b-1cb7a81823aa/KIID.pdf,https://www.ftglobalportfolios.com/srp/documents-id/290ab942-c6c0-4566-8e23-e7e77e1aa62c/FactSheet.pdf,firsttrustvestusequitymoderatebuffernovemberaaccusd,5,0.85,2023-11-17
"UCITS KIID,Vest Nasdaq-100® Moderate Buffer UCITS ETF - September,First Trust Vest Nasdaq-100® Moderate Buffer UCITS ETF, September A Acc USD,IE000FQ808R5,UK Retail Investor, UK Professional Investor,https://www.ftglobalportfolios.com/srp/documents-id/a2157c08-fd32-471e-b926-52cf29b398cf/KIID.pdf,English,,,,,,,,,,,,,,,,,,,,,,,,,,,",Vest Nasdaq-100® Moderate Buffer UCITS ETF - September,First Trust Vest Nasdaq-100® Moderate Buffer UCITS ETF - September A Acc USD,IE000FQ808R5,https://www.ftglobalportfolios.com/srp/documents-id/a2157c08-fd32-471e-b926-52cf29b398cf/KIID.pdf,https://www.ftglobalportfolios.com/srp/documents-id/b9b3ed66-84bd-419f-9266-14e31043b52e/FactSheet.pdf,firsttrustvestnasdaqmoderatebufferseptemberaaccusd,5,0.9,2024-09-24
"UCITS KIID,SMID Rising Dividend Achievers,First Trust SMID Rising Dividend Achievers UCITS ETF A Acc USD,IE0001R850E1,UK Retail Investor, UK Professional Investor,https://www.ftglobalportfolios.com/srp/documents-id/eb4b1886-76ab-47cc-a9af-322ce3c63cd1/KIID.pdf,English,,,,,,,,,,,,,,,,,,,,,,,,,,,,",SMID Rising Dividend Achievers,First Trust SMID Rising Dividend Achievers UCITS ETF A Acc USD,IE0001R850E1,https://www.ftglobalportfolios.com/srp/documents-id/eb4b1886-76ab-47cc-a9af-322ce3c63cd1/KIID.pdf,https://www.ftglobalportfolios.com/srp/documents-id/0d37455d-dd9d-441d-8d01-b1df1b5f0d6c/FactSheet.pdf,firsttrustsmidrisingdividendachieversaaccusd,7,0.6,2024-04-09
"UCITS KIID,Indxx Future Economy Metals,First Trust Indxx Future Economy Metals UCITS ETF B Dist USD,IE0005AQF368,UK Retail Investor, UK Professional Investor,https://www.ftglobalportfolios.com/srp/documents-id/712e1238-a7b6-4a43-880e-df0e2af1ee71/KIID.pdf,English,,,,,,,,,,,,,,,,,,,,,,,,,,,,",Indxx Future Economy Metals,First Trust Indxx Future Economy Metals UCITS ETF B Dist USD,IE0005AQF368,https://www.ftglobalportfolios.com/srp/documents-id/712e1238-a7b6-4a43-880e-df0e2af1ee71/KIID.pdf,nan,firsttrustindxxfutureeconomymetalsbdistusd,7,0.65,
"UCITS KIID,US Equity Income,First Trust US Equity Income UCITS ETF D Dist GBP Hedged,IE00079WNSI6,UK Retail Investor, UK Professional Investor,https://www.ftglobalportfolios.com/srp/documents-id/772045d4-1e68-4aec-a241-cd3b69516030/KIID.pdf,English,,,,,,,,,,,,,,,,,,,,,,,,,,,,",US Equity Income,First Trust US Equity Income UCITS ETF D Dist GBP Hedged,IE00079WNSI6,https://www.ftglobalportfolios.com/srp/documents-id/772045d4-1e68-4aec-a241-cd3b69516030/KIID.pdf,https://www.ftglobalportfolios.com/srp/documents-id/f9438355-25f0-461f-a25b-e511f49fbb53/FactSheet.pdf,firsttrustusequityincomeddistgbphedged,7,0.55,2023-07-18
"UCITS KIID,Nasdaq-100 Equal Weighted Index,Nasdaq-100 Equal Weighted Index A Acc USD,IE0009PVS3R4,UK Retail Investor, UK Professional Investor,https://www.ftglobalportfolios.com/srp/documents-id/75aae2e5-e56d-4323-9c5e-5a9eb52bb392/KIID.pdf,English,,,,,,,,,,,,,,,,,,,,,,,,,,,,",Nasdaq-100 Equal Weighted Index,Nasdaq-100 Equal Weighted Index A Acc USD,IE0009PVS3R4,https://www.ftglobalportfolios.com/srp/documents-id/75aae2e5-e56d-4323-9c5e-5a9eb52bb392/KIID.pdf,nan,firsttrustnasdaqequalweightedindexaaccusd,7,,
"UCITS KIID,Bloomberg Scarce Resources,First Trust Bloomberg Scarce Resources UCTS ETF A Acc USD,IE000BW2B3J3,UK Retail Investor, UK Professional Investor,https://www.ftglobalportfolios.com/srp/documents-id/2279c331-2c1e-4557-a706-5c093f1fe8d8/KIID.pdf,English,,,,,,,,,,,,,,,,,,,,,,,,,,,,",Bloomberg Scarce Resources,First Trust Bloomberg Scarce Resources UCTS ETF A Acc USD,IE000BW2B3J3,https://www.ftglobalportfolios.com/srp/documents-id/2279c331-2c1e-4557-a706-5c093f1fe8d8/KIID.pdf,https://www.ftglobalportfolios.com/srp/documents-id/b41866f3-e56c-411c-a9c2-0a5958963e23/FactSheet.pdf,firsttrustbloombergscarceresourcesaaccusd,7,0.65,2024-01-23
"UCITS KIID,Alerian Disruptive Technology Real Estate,Alerian Disruptive Technology Real Estate B Dist USD,IE000C75IMX8,UK Retail Investor, UK Professional Investor,https://www.ftglobalportfolios.com/srp/documents-id/03530660-34e0-4e8c-b532-1a8dea4b642f/KIID.pdf,English,,,,,,,,,,,,,,,,,,,,,,,,,,,,",Alerian Disruptive Technology Real Estate,Alerian Disruptive Technology Real Estate B Dist USD,IE000C75IMX8,https://www.ftglobalportfolios.com/srp/documents-id/03530660-34e0-4e8c-b532-1a8dea4b642f/KIID.pdf,https://www.ftglobalportfolios.com/srp/documents-id/6e989cca-635c-48cd-8914-e438e6723f6a/FactSheet.pdf,firsttrustaleriandisruptivetechnologyrealestatebdistusd,6,0.6,2022-03-31
"UCITS KIID,US Momentum,First Trust US Momentum UCITS ETF A Acc USD,IE000CY30YV9,UK Retail Investor, UK Professional Investor,https://www.ftglobalportfolios.com/srp/documents-id/da47f9f4-e3f5-4c9d-8d11-49002850a258/KIID.pdf,English,,,,,,,,,,,,,,,,,,,,,,,,,,,,",US Momentum,First Trust US Momentum UCITS ETF A Acc USD,IE000CY30YV9,https://www.ftglobalportfolios.com/srp/documents-id/da47f9f4-e3f5-4c9d-8d11-49002850a258/KIID.pdf,https://www.ftglobalportfolios.com/srp/documents-id/af9e2a83-50a8-45c1-8cc6-d014fd482e55/FactSheet.pdf,firsttrustusmomentumaaccusd,6,0.6,2024-07-30
"UCITS KIID,Bloomberg Scarce Resources,First Trust Bloomberg Scarce Resources UCTS ETF B Dist USD,IE000G5LLA94,UK Retail Investor, UK Professional Investor,https://www.ftglobalportfolios.com/srp/documents-id/ec7434a3-9a09-47e3-b5e7-c53134e50176/KIID.pdf,English,,,,,,,,,,,,,,,,,,,,,,,,,,,,",Bloomberg Scarce Resources,First Trust Bloomberg Scarce Resources UCTS ETF B Dist USD,IE000G5LLA94,https://www.ftglobalportfolios.com/srp/documents-id/ec7434a3-9a09-47e3-b5e7-c53134e50176/KIID.pdf,nan,firsttrustbloombergscarceresourcesbdistusd,7,0.65,
"UCITS KIID,Nasdaq® Clean Edge® Smart Grid Infrastructure,Nasdaq® Clean Edge® Smart Grid Infrastructure A Acc USD,IE000J80JTL1,UK Retail Investor, UK Professional Investor,https://www.ftglobalportfolios.com/srp/documents-id/c755f91b-ee60-422d-9ac8-ea92aad499bc/KIID.pdf,English,,,,,,,,,,,,,,,,,,,,,,,,,,,,",Nasdaq® Clean Edge® Smart Grid Infrastructure,Nasdaq® Clean Edge® Smart Grid Infrastructure A Acc USD,IE000J80JTL1,https://www.ftglobalportfolios.com/srp/documents-id/c755f91b-ee60-422d-9ac8-ea92aad499bc/KIID.pdf,https://www.ftglobalportfolios.com/srp/documents-id/f4d2f202-4b30-4f51-97d6-4a888b39d00e/FactSheet.pdf,firsttrustnasdaqcleanedgesmartgridinfrastructureaaccusd,7,0.63,2022-04-21
"UCITS KIID,Bloomberg Global Semiconductor Supply Chain,First Trust Bloomberg Global Semiconductor Supply Chain UCITS ETF,IE000KXTLDE2,UK Retail Investor, UK Professional Investor,https://www.ftglobalportfolios.com/srp/documents-id/b4adc483-57a6-44bc-a76d-cc9470e88e2d/KIID.pdf,English,,,,,,,,,,,,,,,,,,,,,,,,,,,,",Bloomberg Global Semiconductor Supply Chain,First Trust Bloomberg Global Semiconductor Supply Chain UCITS ETF,IE000KXTLDE2,https://www.ftglobalportfolios.com/srp/documents-id/b4adc483-57a6-44bc-a76d-cc9470e88e2d/KIID.pdf,https://www.ftglobalportfolios.com/srp/documents-id/491f1996-3208-496e-b078-532bd9522eda/FactSheet.pdf,firsttrustbloombergglobalsemiconductorsupplychain,7,0.6,2024-12-11
"UCITS KIID,Indxx Global Aerospace & Defence,First Trust Indxx Global Aerospace & Defence UCITS ETF,IE000NVDQXE1,UK Retail Investor, UK Professional Investor,https://www.ftglobalportfolios.com/srp/documents-id/8262d4aa-dc8e-4de1-9d07-966d095cce34/KIID.pdf,English,,,,,,,,,,,,,,,,,,,,,,,,,,,,",Indxx Global Aerospace & Defence,First Trust Indxx Global Aerospace & Defence UCITS ETF,IE000NVDQXE1,https://www.ftglobalportfolios.com/srp/documents-id/8262d4aa-dc8e-4de1-9d07-966d095cce34/KIID.pdf,https://www.ftglobalportfolios.com/srp/documents-id/935254e4-acd7-40c0-a85b-3e7fc08e1a12/FactSheet.pdf,firsttrustindxxglobalaerospacedefence,7,0.65,2024-12-11
"UCITS KIID,Nasdaq® Cybersecurity,First Trust Nasdaq Cybersecurity UCITS ETF C Acc EUR Hedged,IE000P16KP52,UK Retail Investor, UK Professional Investor,https://www.ftglobalportfolios.com/srp/documents-id/ebaf49b8-721a-443c-9dda-4e63247ea466/KIID.pdf,English,,,,,,,,,,,,,,,,,,,,,,,,,,,,",Nasdaq® Cybersecurity,First Trust Nasdaq Cybersecurity UCITS ETF C Acc EUR Hedged,IE000P16KP52,https://www.ftglobalportfolios.com/srp/documents-id/ebaf49b8-721a-443c-9dda-4e63247ea466/KIID.pdf,https://www.ftglobalportfolios.com/srp/documents-id/09a74acc-673b-4a05-b6d7-f5e6a92ef0a3/FactSheet.pdf,firsttrustnasdaqcybersecuritycacceurhedged,7,0.6,2023-07-18
"UCITS KIID,Indxx Metaverse,lndxx Metaverse A Acc USD,IE000P6XWJW8,UK Retail Investor, UK Professional Investor,https://www.ftglobalportfolios.com/srp/documents-id/eda76581-c0c4-4343-899b-9f15917c9226/KIID.pdf,English,,,,,,,,,,,,,,,,,,,,,,,,,,,,",Indxx Metaverse,lndxx Metaverse A Acc USD,IE000P6XWJW8,https://www.ftglobalportfolios.com/srp/documents-id/eda76581-c0c4-4343-899b-9f15917c9226/KIID.pdf,nan,firsttrustlndxxmetaverseaaccusd,7,0.7,
"UCITS KIID,Alerian Disruptive Technology Real Estate,Alerian Disruptive Technology Real Estate A Acc USD,IE000RN036E0,UK Retail Investor, UK Professional Investor,https://www.ftglobalportfolios.com/srp/documents-id/9ac32ead-391d-40a0-b4a2-f4cce3dae301/KIID.pdf,English,,,,,,,,,,,,,,,,,,,,,,,,,,,,",Alerian Disruptive Technology Real Estate,Alerian Disruptive Technology Real Estate A Acc USD,IE000RN036E0,https://www.ftglobalportfolios.com/srp/documents-id/9ac32ead-391d-40a0-b4a2-f4cce3dae301/KIID.pdf,https://www.ftglobalportfolios.com/srp/documents-id/d4d03eb6-5347-4117-a4e5-1a134ffe5bc9/FactSheet.pdf,firsttrustaleriandisruptivetechnologyrealestateaaccusd,6,0.6,2022-03-31
"UCITS KIID,Indxx Future Economy Metals,First Trust Indxx Future Economy Metals UCITS ETF A Acc USD,IE000UDFKE13,UK Retail Investor, UK Professional Investor,https://www.ftglobalportfolios.com/srp/documents-id/e80321ba-670c-4865-a7e9-735eaeec003b/KIID.pdf,English,,,,,,,,,,,,,,,,,,,,,,,,,,,,",Indxx Future Economy Metals,First Trust Indxx Future Economy Metals UCITS ETF A Acc USD,IE000UDFKE13,https://www.ftglobalportfolios.com/srp/documents-id/e80321ba-670c-4865-a7e9-735eaeec003b/KIID.pdf,https://www.ftglobalportfolios.com/srp/documents-id/f85e75c7-0334-491d-963a-158d47d67b8a/FactSheet.pdf,firsttrustindxxfutureeconomymetalsaaccusd,7,0.65,2024-01-23
"UCITS KIID,Nasdaq Lux Digital Health Solutions,Nasdaq Lux Digital Health Solutions A Acc USD,IE000VGZ9Z76,UK Retail Investor, UK Professional Investor,https://www.ftglobalportfolios.com/srp/documents-id/a2c4cdcb-9620-4302-b357-9db671a4d91d/KIID.pdf,English,,,,,,,,,,,,,,,,,,,,,,,,,,,,",Nasdaq Lux Digital Health Solutions,Nasdaq Lux Digital Health Solutions A Acc USD,IE000VGZ9Z76,https://www.ftglobalportfolios.com/srp/documents-id/a2c4cdcb-9620-4302-b357-9db671a4d91d/KIID.pdf,nan,firsttrustnasdaqluxdigitalhealthsolutionsaaccusd,7,0.65,
"UCITS KIID,SMID Rising Dividend Achievers,First Trust SMID Rising Dividend Achievers UCITS ETF B Dist USD,IE000YVOQ2A3,UK Retail Investor, UK Professional Investor,https://www.ftglobalportfolios.com/srp/documents-id/4d1341db-dd54-410e-8043-085a3c5e28b3/KIID.pdf,English,,,,,,,,,,,,,,,,,,,,,,,,,,,,",SMID Rising Dividend Achievers,First Trust SMID Rising Dividend Achievers UCITS ETF B Dist USD,IE000YVOQ2A3,https://www.ftglobalportfolios.com/srp/documents-id/4d1341db-dd54-410e-8043-085a3c5e28b3/KIID.pdf,https://www.ftglobalportfolios.com/srp/documents-id/0d6ce1c3-66af-4195-8e9b-524ff6fc0e5b/FactSheet.pdf,firsttrustsmidrisingdividendachieversbdistusd,7,0.6,2025-04-08
"UCITS KIID,Growth Strength,First Trust Growth Strength UCITS ETF,IE000YZLMXT9,UK Retail Investor, UK Professional Investor,https://www.ftglobalportfolios.com/srp/documents-id/f39bfad4-7fa6-4fe5-a23f-49215aa3520c/KIID.pdf,English,,,,,,,,,,,,,,,,,,,,,,,,,,,,",Growth Strength,First Trust Growth Strength UCITS ETF,IE000YZLMXT9,https://www.ftglobalportfolios.com/srp/documents-id/f39bfad4-7fa6-4fe5-a23f-49215aa3520c/KIID.pdf,https://www.ftglobalportfolios.com/srp/documents-id/aeea5c00-77e2-4aba-bdd2-646fb1425cd7/FactSheet.pdf,firsttrustgrowthstrength,6,0.6,2024-10-21
"UCITS KIID,US Large Cap Core AlphaDEX®,First Trust US Large Cap Core AlphaDEX® UCITS ETF A Acc USD,IE00B8X9NW27,UK Retail Investor, UK Professional Investor,https://www.ftglobalportfolios.com/srp/documents-id/3b4362a0-2835-45d8-a4e5-da9726cd686c/KIID.pdf,English,,,,,,,,,,,,,,,,,,,,,,,,,,,,",US Large Cap Core AlphaDEX®,First Trust US Large Cap Core AlphaDEX® UCITS ETF A Acc USD,IE00B8X9NW27,https://www.ftglobalportfolios.com/srp/documents-id/3b4362a0-2835-45d8-a4e5-da9726cd686c/KIID.pdf,https://www.ftglobalportfolios.com/srp/documents-id/5534b1d2-28c0-4f7e-bdaa-8ec2931e6959/FactSheet.pdf,firsttrustuslargecapcorealphadexaaccusd,6,0.65,2013-04-09
"UCITS KIID,Emerging Markets AlphaDEX®,First Trust Emerging Markets AlphaDEX® UCITS ETF A Acc USD,IE00B8X9NX34,UK Retail Investor, UK Professional Investor,https://www.ftglobalportfolios.com/srp/documents-id/26294b0e-7c27-42a4-8b9e-100fab565538/KIID.pdf,English,,,,,,,,,,,,,,,,,,,,,,,,,,,,",Emerging Markets AlphaDEX®,First Trust Emerging Markets AlphaDEX® UCITS ETF A Acc USD,IE00B8X9NX34,https://www.ftglobalportfolios.com/srp/documents-id/26294b0e-7c27-42a4-8b9e-100fab565538/KIID.pdf,https://www.ftglobalportfolios.com/srp/documents-id/8385cfe3-cd0d-4889-ba0a-cef5e867308a/FactSheet.pdf,firsttrustemergingmarketsalphadexaaccusd,6,0.8,2013-04-09
"UCITS KIID,Eurozone AlphaDEX®,First Trust Eurozone AlphaDEX® UCITS ETF A Acc EUR,IE00B8X9NY41,UK Retail Investor, UK Professional Investor,https://www.ftglobalportfolios.com/srp/documents-id/aab9b339-f801-4873-973c-e839ef63982d/KIID.pdf,English,,,,,,,,,,,,,,,,,,,,,,,,,,,,",Eurozone AlphaDEX®,First Trust Eurozone AlphaDEX® UCITS ETF A Acc EUR,IE00B8X9NY41,https://www.ftglobalportfolios.com/srp/documents-id/aab9b339-f801-4873-973c-e839ef63982d/KIID.pdf,https://www.ftglobalportfolios.com/srp/documents-id/2c43b701-49fe-4d1e-a2a5-55af63217a33/FactSheet.pdf,firsttrusteurozonealphadexaacceur,6,0.65,2014-10-21
"UCITS KIID,United Kingdom AlphaDEX®,First Trust United Kingdom AlphaDEX® UCITS ETF A Acc GBP,IE00B8X9NZ57,UK Retail Investor, UK Professional Investor,https://www.ftglobalportfolios.com/srp/documents-id/b9108b4d-8a91-4a65-a711-41e3e44bdb05/KIID.pdf,English,,,,,,,,,,,,,,,,,,,,,,,,,,,,",United Kingdom AlphaDEX®,First Trust United Kingdom AlphaDEX® UCITS ETF A Acc GBP,IE00B8X9NZ57,https://www.ftglobalportfolios.com/srp/documents-id/b9108b4d-8a91-4a65-a711-41e3e44bdb05/KIID.pdf,https://www.ftglobalportfolios.com/srp/documents-id/078ce54f-ba02-41ef-91d8-24b42b083d71/FactSheet.pdf,firsttrustunitedkingdomalphadexaaccgbp,6,0.65,2013-04-09
"UCITS KIID,FactorFX,First Trust FactorFX UCITS ETF A Acc USD,IE00BD5HBQ97,UK Retail Investor, UK Professional Investor,https://www.ftglobalportfolios.com/srp/documents-id/7272408a-3a8f-4006-9cc8-18a68761d219/KIID.pdf,English,,,,,,,,,,,,,,,,,,,,,,,,,,,,",FactorFX,First Trust FactorFX UCITS ETF A Acc USD,IE00BD5HBQ97,https://www.ftglobalportfolios.com/srp/documents-id/7272408a-3a8f-4006-9cc8-18a68761d219/KIID.pdf,https://www.ftglobalportfolios.com/srp/documents-id/376ce617-6d16-4c86-b9cd-064f142a9cb9/FactSheet.pdf,firsttrustfactorfxaaccusd,4,0.75,2017-07-27
"UCITS KIID,FactorFX,First Trust FactorFX UCITS ETF B Acc GBP Hedged,IE00BD5HBR05,UK Retail Investor, UK Professional Investor,https://www.ftglobalportfolios.com/srp/documents-id/6e0ac4da-846a-412e-8ebb-084fa1110fe7/KIID.pdf,English,,,,,,,,,,,,,,,,,,,,,,,,,,,,",FactorFX,First Trust FactorFX UCITS ETF B Acc GBP Hedged,IE00BD5HBR05,https://www.ftglobalportfolios.com/srp/documents-id/6e0ac4da-846a-412e-8ebb-084fa1110fe7/KIID.pdf,https://www.ftglobalportfolios.com/srp/documents-id/53e37e3b-a285-4679-8c69-949608f2f412/FactSheet.pdf,firsttrustfactorfxbaccgbphedged,4,0.75,2017-11-29
"UCITS KIID,FactorFX,First Trust FactorFX UCITS ETF C Acc EUR Hedged,IE00BD5HBS12,UK Retail Investor, UK Professional Investor,https://www.ftglobalportfolios.com/srp/documents-id/f8b05591-9160-401f-b261-b0928fda28c4/KIID.pdf,English,,,,,,,,,,,,,,,,,,,,,,,,,,,,",FactorFX,First Trust FactorFX UCITS ETF C Acc EUR Hedged,IE00BD5HBS12,https://www.ftglobalportfolios.com/srp/documents-id/f8b05591-9160-401f-b261-b0928fda28c4/KIID.pdf,https://www.ftglobalportfolios.com/srp/documents-id/fc595403-db85-43f7-93a5-9e753a4a43a9/FactSheet.pdf,firsttrustfactorfxcacceurhedged,4,0.75,2017-11-29
"UCITS KIID,US Equity Income,First Trust US Equity Income UCITS ETF B Acc USD,IE00BD6GCF16,UK Retail Investor, UK Professional Investor,https://www.ftglobalportfolios.com/srp/documents-id/29a90b27-e5a4-4f8f-bb75-2b849c6fea0f/KIID.pdf,English,,,,,,,,,,,,,,,,,,,,,,,,,,,,",US Equity Income,First Trust US Equity Income UCITS ETF B Acc USD,IE00BD6GCF16,https://www.ftglobalportfolios.com/srp/documents-id/29a90b27-e5a4-4f8f-bb75-2b849c6fea0f/KIID.pdf,https://www.ftglobalportfolios.com/srp/documents-id/c37cc806-5e96-4d09-b610-b1173be5afe4/FactSheet.pdf,firsttrustusequityincomebaccusd,7,0.55,2017-05-09
"UCITS KIID,Global Equity Income,First Trust Global Equity Income UCITS ETF B Dist USD,IE00BD842Y21,UK Retail Investor, UK Professional Investor,https://www.ftglobalportfolios.com/srp/documents-id/ffc09d1f-f908-475f-bc42-8a354b24020e/KIID.pdf,English,,,,,,,,,,,,,,,,,,,,,,,,,,,,",Global Equity Income,First Trust Global Equity Income UCITS ETF B Dist USD,IE00BD842Y21,https://www.ftglobalportfolios.com/srp/documents-id/ffc09d1f-f908-475f-bc42-8a354b24020e/KIID.pdf,https://www.ftglobalportfolios.com/srp/documents-id/74967219-21db-46da-b73a-e0023ecef0ed/FactSheet.pdf,firsttrustglobalequityincomebdistusd,6,0.6,2016-10-20
"UCITS KIID,United Kingdom AlphaDEX®,First Trust United Kingdom AlphaDEX® UCITS ETF B Dist GBP,IE00BD9N0445,UK Retail Investor, UK Professional Investor,https://www.ftglobalportfolios.com/srp/documents-id/63c44e67-ae39-4187-90d4-850ebc142b7c/KIID.pdf,English,,,,,,,,,,,,,,,,,,,,,,,,,,,,",United Kingdom AlphaDEX®,First Trust United Kingdom AlphaDEX® UCITS ETF B Dist GBP,IE00BD9N0445,https://www.ftglobalportfolios.com/srp/documents-id/63c44e67-ae39-4187-90d4-850ebc142b7c/KIID.pdf,https://www.ftglobalportfolios.com/srp/documents-id/733c02eb-d8c6-4004-89e4-7c219595ac61/FactSheet.pdf,firsttrustunitedkingdomalphadexbdistgbp,6,0.65,2016-04-15
"UCITS KIID,Nasdaq® Clean Edge® Green Energy,First Trust NASDAQ® Clean Edge® Green Energy UCITS ETF A Acc USD,IE00BDBRT036,UK Retail Investor, UK Professional Investor,https://www.ftglobalportfolios.com/srp/documents-id/b36989fd-8262-497d-b583-844d4a6128ff/KIID.pdf,English,,,,,,,,,,,,,,,,,,,,,,,,,,,,",Nasdaq® Clean Edge® Green Energy,First Trust NASDAQ® Clean Edge® Green Energy UCITS ETF A Acc USD,IE00BDBRT036,https://www.ftglobalportfolios.com/srp/documents-id/b36989fd-8262-497d-b583-844d4a6128ff/KIID.pdf,https://www.ftglobalportfolios.com/srp/documents-id/dcc373c5-991f-4353-ade2-556ee3dd85f7/FactSheet.pdf,firsttrustnasdaqcleanedgegreenenergyaaccusd,7,0.6,2017-03-14
"UCITS KIID,Nasdaq® Cybersecurity,First Trust Nasdaq Cybersecurity UCITS ETF A Acc USD,IE00BF16M727,UK Retail Investor, UK Professional Investor,https://www.ftglobalportfolios.com/srp/documents-id/41f0f66b-3783-4fc3-ba50-46d1d017cade/KIID.pdf,English,,,,,,,,,,,,,,,,,,,,,,,,,,,,",Nasdaq® Cybersecurity,First Trust Nasdaq Cybersecurity UCITS ETF A Acc USD,IE00BF16M727,https://www.ftglobalportfolios.com/srp/documents-id/41f0f66b-3783-4fc3-ba50-46d1d017cade/KIID.pdf,https://www.ftglobalportfolios.com/srp/documents-id/683e6a99-1dc7-4a69-a87d-76919cfc1dc6/FactSheet.pdf,firsttrustnasdaqcybersecurityaaccusd,6,0.6,2020-05-27
"UCITS KIID,Eurozone AlphaDEX®,First Trust Eurozone AlphaDEX® UCITS ETF B Dist EUR,IE00BF2FL590,UK Retail Investor, UK Professional Investor,https://www.ftglobalportfolios.com/srp/documents-id/65d534d2-30cf-464d-b9f0-bb5f3c2876e3/KIID.pdf,English,,,,,,,,,,,,,,,,,,,,,,,,,,,,",Eurozone AlphaDEX®,First Trust Eurozone AlphaDEX® UCITS ETF B Dist EUR,IE00BF2FL590,https://www.ftglobalportfolios.com/srp/documents-id/65d534d2-30cf-464d-b9f0-bb5f3c2876e3/KIID.pdf,https://www.ftglobalportfolios.com/srp/documents-id/97f49637-2fe9-4348-abb6-64bdf67bfc6b/FactSheet.pdf,firsttrusteurozonealphadexbdisteur,6,0.65,2018-08-16
"UCITS KIID,Indxx Innovative Transaction & Process,First Trust Indxx Innovative Transaction & Process UCITS ETF A Acc USD,IE00BF5DXP42,UK Retail Investor, UK Professional Investor,https://www.ftglobalportfolios.com/srp/documents-id/99b5b9b3-6836-4c77-9f2f-64c696b8a82a/KIID.pdf,English,,,,,,,,,,,,,,,,,,,,,,,,,,,,",Indxx Innovative Transaction & Process,First Trust Indxx Innovative Transaction & Process UCITS ETF A Acc USD,IE00BF5DXP42,https://www.ftglobalportfolios.com/srp/documents-id/99b5b9b3-6836-4c77-9f2f-64c696b8a82a/KIID.pdf,https://www.ftglobalportfolios.com/srp/documents-id/8464b186-de52-4726-92b2-300c9d1a8a5c/FactSheet.pdf,firsttrustindxxinnovativetransactionprocessaaccusd,6,0.65,2018-04-09
"UCITS KIID,IPOX® Europe Equity Opportunities,First Trust IPOX® Europe Equity Opportunities UCITS ETF A Acc EUR,IE00BFD26097,UK Retail Investor, UK Professional Investor,https://www.ftglobalportfolios.com/srp/documents-id/c23b59fd-8826-451a-8643-0208024cd2af/KIID.pdf,English,,,,,,,,,,,,,,,,,,,,,,,,,,,,",IPOX® Europe Equity Opportunities,First Trust IPOX® Europe Equity Opportunities UCITS ETF A Acc EUR,IE00BFD26097,https://www.ftglobalportfolios.com/srp/documents-id/c23b59fd-8826-451a-8643-0208024cd2af/KIID.pdf,https://www.ftglobalportfolios.com/srp/documents-id/f3a1ac6f-e280-4adf-8c01-32caa918a52b/FactSheet.pdf,firsttrustipoxeuropeequityopportunitiesaacceur,6,0.65,2021-06-22
"UCITS KIID,Cloud Computing,First Trust Cloud Computing UCITS ETF A Acc USD,IE00BFD2H405,UK Retail Investor, UK Professional Investor,https://www.ftglobalportfolios.com/srp/documents-id/5205fbb3-4d30-4e55-8c31-a774cc2f8688/KIID.pdf,English,,,,,,,,,,,,,,,,,,,,,,,,,,,,",Cloud Computing,First Trust Cloud Computing UCITS ETF A Acc USD,IE00BFD2H405,https://www.ftglobalportfolios.com/srp/documents-id/5205fbb3-4d30-4e55-8c31-a774cc2f8688/KIID.pdf,https://www.ftglobalportfolios.com/srp/documents-id/fa0dd1ce-eec0-46f0-ac13-01cba219292d/FactSheet.pdf,firsttrustcloudcomputingaaccusd,7,0.6,2018-12-27
"UCITS KIID,Dow Jones Internet,First Trust Dow Jones Internet UCITS ETF A Acc USD,IE00BG0SSC32,UK Retail Investor, UK Professional Investor,https://www.ftglobalportfolios.com/srp/documents-id/1b92f0b3-676f-4ba0-a36d-0100b5601811/KIID.pdf,English,,,,,,,,,,,,,,,,,,,,,,,,,,,,",Dow Jones Internet,First Trust Dow Jones Internet UCITS ETF A Acc USD,IE00BG0SSC32,https://www.ftglobalportfolios.com/srp/documents-id/1b92f0b3-676f-4ba0-a36d-0100b5601811/KIID.pdf,https://www.ftglobalportfolios.com/srp/documents-id/d5c75507-f703-4c12-8ab8-815ee3f6bfa4/FactSheet.pdf,firsttrustdowjonesinternetaaccusd,7,0.55,2018-06-18
"UCITS KIID,Strategic Metal and Energy Equity,First Trust Strategic Metal and Energy Equity UCITS Fund A Acc USD,IE00BK7ZX207,UK Retail Investor, UK Professional Investor,https://www.ftglobalportfolios.com/srp/documents-id/52bff64b-0a71-4534-97b8-447f840b594a/KIID.pdf,English,,,,,,,,,,,,,,,,,,,,,,,,,,,,",Strategic Metal and Energy Equity,First Trust Strategic Metal and Energy Equity UCITS Fund A Acc USD,IE00BK7ZX207,https://www.ftglobalportfolios.com/srp/documents-id/52bff64b-0a71-4534-97b8-447f840b594a/KIID.pdf,https://www.ftglobalportfolios.com/srp/documents-id/d0361b69-49a8-46f0-80e4-5cab164890e3/FactSheet.pdf,firsttruststrategicmetalandenergyequityfundaaccusd,7,0.75,2021-02-08
"UCITS KIID,Global Capital Strength ESG Leaders,First Trust Global Capital Strength ESG Leaders UCITS ETF A Acc USD,IE00BKPSPT20,UK Retail Investor, UK Professional Investor,https://www.ftglobalportfolios.com/srp/documents-id/9b0a7d94-4e11-4d7d-b54a-7e611a7df965/KIID.pdf,English,,,,,,,,,,,,,,,,,,,,,,,,,,,,",Global Capital Strength ESG Leaders,First Trust Global Capital Strength ESG Leaders UCITS ETF A Acc USD,IE00BKPSPT20,https://www.ftglobalportfolios.com/srp/documents-id/9b0a7d94-4e11-4d7d-b54a-7e611a7df965/KIID.pdf,https://www.ftglobalportfolios.com/srp/documents-id/5032a85f-a02c-4b93-8ca2-e87c45892f13/FactSheet.pdf,firsttrustglobalcapitalstrengthesgleadersaaccusd,5,0.75,2021-03-09
"UCITS KIID,Low Duration Global Government Bond,First Trust Low Duration Global Government Bond UCITS ETF B Dist GBP Hedged,IE00BKS2X200,UK Retail Investor, UK Professional Investor,https://www.ftglobalportfolios.com/srp/documents-id/90780d56-82a9-48f6-81d6-d17b1a601e14/KIID.pdf,English,,,,,,,,,,,,,,,,,,,,,,,,,,,,",Low Duration Global Government Bond,First Trust Low Duration Global Government Bond UCITS ETF B Dist GBP Hedged,IE00BKS2X200,https://www.ftglobalportfolios.com/srp/documents-id/90780d56-82a9-48f6-81d6-d17b1a601e14/KIID.pdf,https://www.ftglobalportfolios.com/srp/documents-id/15374b50-c751-42eb-9284-b9831483b99e/FactSheet.pdf,firsttrustlowdurationglobalgovernmentbondbdistgbphedged,3,0.55,2020-10-06
"UCITS KIID,Low Duration Global Government Bond,First Trust Low Duration Global Government Bond UCITS ETF C Dist EUR,IE00BKS2X317,UK Retail Investor, UK Professional Investor,https://www.ftglobalportfolios.com/srp/documents-id/be1beeac-3fd2-44f0-a422-ad73b33304d9/KIID.pdf,English,,,,,,,,,,,,,,,,,,,,,,,,,,,,",Low Duration Global Government Bond,First Trust Low Duration Global Government Bond UCITS ETF C Dist EUR,IE00BKS2X317,https://www.ftglobalportfolios.com/srp/documents-id/be1beeac-3fd2-44f0-a422-ad73b33304d9/KIID.pdf,https://www.ftglobalportfolios.com/srp/documents-id/a1b2be95-adb7-4aa4-8999-8fd54ae7ac0d/FactSheet.pdf,firsttrustlowdurationglobalgovernmentbondcdisteur,3,0.55,2019-11-18
"UCITS KIID,Value Line® Dividend Index,First Trust Value Line® Dividend Index UCITS ETF A Acc USD,IE00BKVKW020,UK Retail Investor, UK Professional Investor,https://www.ftglobalportfolios.com/srp/documents-id/becfbae5-0285-47e3-b351-4cd42e1759cd/KIID.pdf,English,,,,,,,,,,,,,,,,,,,,,,,,,,,,",Value Line® Dividend Index,First Trust Value Line® Dividend Index UCITS ETF A Acc USD,IE00BKVKW020,https://www.ftglobalportfolios.com/srp/documents-id/becfbae5-0285-47e3-b351-4cd42e1759cd/KIID.pdf,https://www.ftglobalportfolios.com/srp/documents-id/2ed346f6-2d08-4dfa-88a9-b877035af5c2/FactSheet.pdf,firsttrustvaluelinedividendindexaaccusd,6,0.7,2020-02-12
"UCITS KIID,Capital Strength,First Trust Capital Strength UCITS ETF A Acc USD,IE00BL0L0D23,UK Retail Investor, UK Professional Investor,https://www.ftglobalportfolios.com/srp/documents-id/e91eb545-d18b-4261-8021-503167b2ae75/KIID.pdf,English,,,,,,,,,,,,,,,,,,,,,,,,,,,,",Capital Strength,First Trust Capital Strength UCITS ETF A Acc USD,IE00BL0L0D23,https://www.ftglobalportfolios.com/srp/documents-id/e91eb545-d18b-4261-8021-503167b2ae75/KIID.pdf,https://www.ftglobalportfolios.com/srp/documents-id/4a2ea3ca-f301-4453-a85a-71e987940f1f/FactSheet.pdf,firsttrustcapitalstrengthaaccusd,6,0.6,2020-01-27
"UCITS KIID,NYSE Arca Biotechnology,First Trust NYSE Arca Biotechnology UCITS ETF A Acc USD,IE00BL0L0H60,UK Retail Investor, UK Professional Investor,https://www.ftglobalportfolios.com/srp/documents-id/7eec8a81-e0c4-4889-aa7d-4e116f071a7d/KIID.pdf,English,,,,,,,,,,,,,,,,,,,,,,,,,,,,",NYSE Arca Biotechnology,First Trust NYSE Arca Biotechnology UCITS ETF A Acc USD,IE00BL0L0H60,https://www.ftglobalportfolios.com/srp/documents-id/7eec8a81-e0c4-4889-aa7d-4e116f071a7d/KIID.pdf,https://www.ftglobalportfolios.com/srp/documents-id/a157c9cf-25dc-4573-bd4a-67216a8c3e61/FactSheet.pdf,firsttrustnysearcabiotechnologyaaccusd,6,0.6,2020-05-27
"UCITS KIID,Dow Jones International Internet,First Trust Dow Jones International Internet UCITS ETF A Acc USD,IE00BT9PVG14,UK Retail Investor, UK Professional Investor,https://www.ftglobalportfolios.com/srp/documents-id/3110e4cf-4b43-4966-a290-5ccbda7cce65/KIID.pdf,English,,,,,,,,,,,,,,,,,,,,,,,,,,,,",Dow Jones International Internet,First Trust Dow Jones International Internet UCITS ETF A Acc USD,IE00BT9PVG14,https://www.ftglobalportfolios.com/srp/documents-id/3110e4cf-4b43-4966-a290-5ccbda7cce65/KIID.pdf,https://www.ftglobalportfolios.com/srp/documents-id/7a7fd8af-73d8-44bf-a6a1-80558bfb00a7/FactSheet.pdf,firsttrustdowjonesinternationalinternetaaccusd,7,0.65,2017-01-17
"UCITS KIID,Indxx NextG,First Trust Indxx NextG UCITS ETF A Acc USD,IE00BWTNM743,UK Retail Investor, UK Professional Investor,https://www.ftglobalportfolios.com/srp/documents-id/b00d4078-3f05-45b5-9549-7f5fde14b36e/KIID.pdf,English,,,,,,,,,,,,,,,,,,,,,,,,,,,,",Indxx NextG,First Trust Indxx NextG UCITS ETF A Acc USD,IE00BWTNM743,https://www.ftglobalportfolios.com/srp/documents-id/b00d4078-3f05-45b5-9549-7f5fde14b36e/KIID.pdf,https://www.ftglobalportfolios.com/srp/documents-id/6ab40489-b619-4173-a389-cb7149becdc9/FactSheet.pdf,firsttrustindxxnextgaaccusd,6,0.7,2015-06-24
"UCITS KIID,Germany AlphaDEX®,First Trust Germany AlphaDEX® UCITS ETF A Dist EUR,IE00BWTNM966,UK Retail Investor, UK Professional Investor,https://www.ftglobalportfolios.com/srp/documents-id/a6390ee3-a6b8-461c-8443-e49a5ba74bc2/KIID.pdf,English,,,,,,,,,,,,,,,,,,,,,,,,,,,,",Germany AlphaDEX®,First Trust Germany AlphaDEX® UCITS ETF A Dist EUR,IE00BWTNM966,https://www.ftglobalportfolios.com/srp/documents-id/a6390ee3-a6b8-461c-8443-e49a5ba74bc2/KIID.pdf,https://www.ftglobalportfolios.com/srp/documents-id/43d837ef-c173-4dd1-af3e-244b48b96873/FactSheet.pdf,firsttrustgermanyalphadexadisteur,6,0.65,2016-04-01
"UCITS KIID,US Large Cap Core AlphaDEX®,First Trust US Large Cap Core AlphaDEX® UCITS ETF B Dist USD,IE00BWTNMB87,UK Retail Investor, UK Professional Investor,https://www.ftglobalportfolios.com/srp/documents-id/e9a5e3b1-b47a-4fbd-98bc-aeba6f67fc35/KIID.pdf,English,,,,,,,,,,,,,,,,,,,,,,,,,,,,",US Large Cap Core AlphaDEX®,First Trust US Large Cap Core AlphaDEX® UCITS ETF B Dist USD,IE00BWTNMB87,https://www.ftglobalportfolios.com/srp/documents-id/e9a5e3b1-b47a-4fbd-98bc-aeba6f67fc35/KIID.pdf,https://www.ftglobalportfolios.com/srp/documents-id/5912f6f8-f69b-4e32-ab9f-8892eee0c030/FactSheet.pdf,firsttrustuslargecapcorealphadexbdistusd,6,0.65,2015-05-28
"UCITS KIID,Global Equity Income,First Trust Global Equity Income UCITS ETF A Acc USD,IE00BYTH6121,UK Retail Investor, UK Professional Investor,https://www.ftglobalportfolios.com/srp/documents-id/64a321ba-62c2-4103-92f7-dce5673aebfe/KIID.pdf,English,,,,,,,,,,,,,,,,,,,,,,,,,,,,",Global Equity Income,First Trust Global Equity Income UCITS ETF A Acc USD,IE00BYTH6121,https://www.ftglobalportfolios.com/srp/documents-id/64a321ba-62c2-4103-92f7-dce5673aebfe/KIID.pdf,https://www.ftglobalportfolios.com/srp/documents-id/a5ebfeec-7b32-43c2-8c82-f177106333d0/FactSheet.pdf,firsttrustglobalequityincomeaaccusd,6,0.6,2015-08-28
"UCITS KIID,US Equity Opportunities,First Trust US Equity Opportunities UCITS ETF A Acc USD,IE00BYTH6238,UK Retail Investor, UK Professional Investor,https://www.ftglobalportfolios.com/srp/documents-id/bb7c5e63-c00d-4a0c-8022-2ad5a72393f5/KIID.pdf,English,,,,,,,,,,,,,,,,,,,,,,,,,,,,",US Equity Opportunities,First Trust US Equity Opportunities UCITS ETF A Acc USD,IE00BYTH6238,https://www.ftglobalportfolios.com/srp/documents-id/bb7c5e63-c00d-4a0c-8022-2ad5a72393f5/KIID.pdf,https://www.ftglobalportfolios.com/srp/documents-id/68e74023-bcf5-4c83-b151-68a862cc2b2f/FactSheet.pdf,firsttrustusequityopportunitiesaaccusd,7,0.65,2015-08-14
"UCITS KIID,US Equity Income,First Trust US Equity Income UCITS ETF A Dist USD,IE00BZBW4Z27,UK Retail Investor, UK Professional Investor,https://www.ftglobalportfolios.com/srp/documents-id/2155ba2d-7b36-41f9-b34b-e54a961f3306/KIID.pdf,English,,,,,,,,,,,,,,,,,,,,,,,,,,,,",US Equity Income,First Trust US Equity Income UCITS ETF A Dist USD,IE00BZBW4Z27,https://www.ftglobalportfolios.com/srp/documents-id/2155ba2d-7b36-41f9-b34b-e54a961f3306/KIID.pdf,https://www.ftglobalportfolios.com/srp/documents-id/16a6da4c-4f72-48b4-9f10-60b300b5ac08/FactSheet.pdf,firsttrustusequityincomeadistusd,7,0.55,2016-04-14
